<?xml version="1.0" encoding="iso-8859-1"?>
<mosinstall version="4.5.1" type="mambot" group="exmenu">
	<name>Extended Menu Source - Weblinks</name>
	<author>Daniel Ecer</author>
	<creationDate>January 2006</creationDate>
	<copyright>(C) Daniel Ecer</copyright>
	<license>GNU/GPL</license>
	<authorEmail></authorEmail>
	<authorUrl>de.siteof.de</authorUrl>
	<version>1.0.0</version>
	<description>Extended Menu Source - Weblinks... sample menu source for weblinks entries</description>
	<files>
		<filename mambot="bot_exmenu_source_weblinks">bot_exmenu_source_weblinks.php</filename>
	</files>
	<params>
		<param name="source_name" type="text" default="weblinks" label="Source Name" 
			description="The name to which this bot should listen to." />
	</params>
</mosinstall>
